PDF,Seite,Bitfeld,MSB,LSB,Zeile
rm0351-stm32l47xxx-stm32l48xxx-stm32l49xxx-and-stm32l4axxx-advanced-armbased-32bit-mcus-stmicroelectronics_dfsdm_regmap.pdf,5,EXCH[7:0],7,0,.seR .seR .seR .seR .seR .seR .seR .seR AWDCH[7:0] EXCH[7:0] .seR EIBAKC EIDCS EIDWA EIRVOR EIRVOJ EICOER EICOEJ
rm0351-stm32l47xxx-stm32l48xxx-stm32l49xxx-and-stm32l4axxx-advanced-armbased-32bit-mcus-stmicroelectronics_dfsdm_regmap.pdf,6,EXCH[7:0],7,0,.seR .seR .seR .seR .seR .seR .seR .seR AWDCH[7:0] EXCH[7:0] .seR .seR .seR EIDWA EIRVOR EIRVOJ EICOER EICOEJ
rm0351-stm32l47xxx-stm32l48xxx-stm32l49xxx-and-stm32l4axxx-advanced-armbased-32bit-mcus-stmicroelectronics_dfsdm_regmap.pdf,7,EXCH[7:0],7,0,.seR .seR .seR .seR .seR .seR .seR .seR AWDCH[7:0] EXCH[7:0] .seR .seR .seR EIDWA EIRVOR EIRVOJ EICOER EICOEJ
rm0351-stm32l47xxx-stm32l48xxx-stm32l49xxx-and-stm32l4axxx-advanced-armbased-32bit-mcus-stmicroelectronics_dfsdm_regmap.pdf,9,EXCH[7:0],7,0,.seR .seR .seR .seR .seR .seR .seR .seR AWDCH[7:0] EXCH[7:0] .seR .seR .seR EIDWA EIRVOR EIRVOJ EICOER EICOEJ
rm0394-stm32l41xxx42xxx43xxx44xxx45xxx46xxx-advanced-armbased-32bit-mcus-stmicroelectronics_dfsdm_regmap.pdf,3,EXCH[3:0],3,0,.seR .seR .seR .seR .seR .seR .seR .seR .seR .seR .seR .seR AWDCH[3:0] .seR .seR .seR .seR EXCH[3:0] .seR EIBAKC EIDCS EIDWA EIRVOR EIRVOJ EICOER EICOEJ
rm0394-stm32l41xxx42xxx43xxx44xxx45xxx46xxx-advanced-armbased-32bit-mcus-stmicroelectronics_dfsdm_regmap.pdf,4,EXCH[3:0],3,0,.seR .seR .seR .seR .seR .seR .seR .seR .seR .seR .seR .seR AWDCH[3:0] .seR .seR .seR .seR EXCH[3:0] .seR .seR .seR EIDWA EIRVOR EIRVOJ EICOER EICOEJ
rm0399-stm32h745755-and-stm32h747757-advanced-armbased-32bit-mcus-stmicroelectronics_dfsdm_regmap.pdf,5,EXCH[7:0],7,0,.seR .seR .seR .seR .seR .seR .seR .seR AWDCH[7:0] EXCH[7:0] .seR EIBAKC EIDCS EIDWA EIRVOR EIRVOJ EICOER EICOEJ
rm0399-stm32h745755-and-stm32h747757-advanced-armbased-32bit-mcus-stmicroelectronics_dfsdm_regmap.pdf,6,EXCH[7:0],7,0,.seR .seR .seR .seR .seR .seR .seR .seR AWDCH[7:0] EXCH[7:0] .seR .seR .seR EIDWA EIRVOR EIRVOJ EICOER EICOEJ
rm0399-stm32h745755-and-stm32h747757-advanced-armbased-32bit-mcus-stmicroelectronics_dfsdm_regmap.pdf,7,EXCH[7:0],7,0,.seR .seR .seR .seR .seR .seR .seR .seR AWDCH[7:0] EXCH[7:0] .seR .seR .seR EIDWA EIRVOR EIRVOJ EICOER EICOEJ
rm0399-stm32h745755-and-stm32h747757-advanced-armbased-32bit-mcus-stmicroelectronics_dfsdm_regmap.pdf,9,EXCH[7:0],7,0,.seR .seR .seR .seR .seR .seR .seR .seR AWDCH[7:0] EXCH[7:0] .seR .seR .seR EIDWA EIRVOR EIRVOJ EICOER EICOEJ
rm0402-stm32f412-advanced-armbased-32bit-mcus-stmicroelectronics_dfsdm_regmap.pdf,3,EXCH[3:0],3,0,.seR .seR .seR .seR .seR .seR .seR .seR .seR .seR .seR .seR AWDCH[3:0] .seR .seR .seR .seR EXCH[3:0] .seR EIBAKC EIDCS EIDWA EIRVOR EIRVOJ EICOER EICOEJ
rm0402-stm32f412-advanced-armbased-32bit-mcus-stmicroelectronics_dfsdm_regmap.pdf,4,EXCH[3:0],3,0,.seR .seR .seR .seR .seR .seR .seR .seR .seR .seR .seR .seR AWDCH[3:0] .seR .seR .seR .seR EXCH[3:0] .seR .seR .seR EIDWA EIRVOR EIRVOJ EICOER EICOEJ
rm0410-stm32f76xxx-and-stm32f77xxx-advanced-armbased-32bit-mcus-stmicroelectronics_dfsdm_regmap.pdf,5,EXCH[7:0],7,0,.seR .seR .seR .seR .seR .seR .seR .seR AWDCH[7:0] EXCH[7:0] .seR EIBAKC EIDCS EIDWA EIRVOR EIRVOJ EICOER EICOEJ
rm0410-stm32f76xxx-and-stm32f77xxx-advanced-armbased-32bit-mcus-stmicroelectronics_dfsdm_regmap.pdf,6,EXCH[7:0],7,0,.seR .seR .seR .seR .seR .seR .seR .seR AWDCH[7:0] EXCH[7:0] .seR .seR .seR EIDWA EIRVOR EIRVOJ EICOER EICOEJ
rm0410-stm32f76xxx-and-stm32f77xxx-advanced-armbased-32bit-mcus-stmicroelectronics_dfsdm_regmap.pdf,7,EXCH[7:0],7,0,.seR .seR .seR .seR .seR .seR .seR .seR AWDCH[7:0] EXCH[7:0] .seR .seR .seR EIDWA EIRVOR EIRVOJ EICOER EICOEJ
rm0410-stm32f76xxx-and-stm32f77xxx-advanced-armbased-32bit-mcus-stmicroelectronics_dfsdm_regmap.pdf,9,EXCH[7:0],7,0,.seR .seR .seR .seR .seR .seR .seR .seR AWDCH[7:0] EXCH[7:0] .seR .seR .seR EIDWA EIRVOR EIRVOJ EICOER EICOEJ
rm0430-stm32f413423-advanced-armbased-32bit-mcus-stmicroelectronics_dfsdm_regmap.pdf,5,EXCH[7:0],7,0,.seR .seR .seR .seR .seR .seR .seR .seR AWDCH[7:0] EXCH[7:0] .seR EIBAKC EIDCS EIDWA EIRVOR EIRVOJ EICOER EICOEJ
rm0430-stm32f413423-advanced-armbased-32bit-mcus-stmicroelectronics_dfsdm_regmap.pdf,6,EXCH[7:0],7,0,.seR .seR .seR .seR .seR .seR .seR .seR AWDCH[7:0] EXCH[7:0] .seR .seR .seR EIDWA EIRVOR EIRVOJ EICOER EICOEJ
rm0430-stm32f413423-advanced-armbased-32bit-mcus-stmicroelectronics_dfsdm_regmap.pdf,7,EXCH[7:0],7,0,.seR .seR .seR .seR .seR .seR .seR .seR AWDCH[7:0] EXCH[7:0] .seR .seR .seR EIDWA EIRVOR EIRVOJ EICOER EICOEJ
rm0430-stm32f413423-advanced-armbased-32bit-mcus-stmicroelectronics_dfsdm_regmap.pdf,9,EXCH[7:0],7,0,.seR .seR .seR .seR .seR .seR .seR .seR AWDCH[7:0] EXCH[7:0] .seR .seR .seR EIDWA EIRVOR EIRVOJ EICOER EICOEJ
rm0432-stm32l4-series-advanced-armbased-32bit-mcus-stmicroelectronics_dfsdm_regmap.pdf,5,EXCH[7:0],7,0,.seR .seR .seR .seR .seR .seR .seR .seR AWDCH[7:0] EXCH[7:0] .seR EIBAKC EIDCS EIDWA EIRVOR EIRVOJ EICOER EICOEJ
rm0432-stm32l4-series-advanced-armbased-32bit-mcus-stmicroelectronics_dfsdm_regmap.pdf,6,EXCH[7:0],7,0,.seR .seR .seR .seR .seR .seR .seR .seR AWDCH[7:0] EXCH[7:0] .seR .seR .seR EIDWA EIRVOR EIRVOJ EICOER EICOEJ
rm0432-stm32l4-series-advanced-armbased-32bit-mcus-stmicroelectronics_dfsdm_regmap.pdf,8,EXCH[7:0],7,0,.seR .seR .seR .seR .seR .seR .seR .seR AWDCH[7:0] EXCH[7:0] .seR .seR .seR EIDWA EIRVOR EIRVOJ EICOER EICOEJ
rm0432-stm32l4-series-advanced-armbased-32bit-mcus-stmicroelectronics_dfsdm_regmap.pdf,9,EXCH[7:0],7,0,.seR .seR .seR .seR .seR .seR .seR .seR AWDCH[7:0] EXCH[7:0] .seR .seR .seR EIDWA EIRVOR EIRVOJ EICOER EICOEJ
rm0433-stm32h742-stm32h743753-and-stm32h750-value-line-advanced-armbased-32bit-mcus-stmicroelectronics_dfsdm_regmap.pdf,5,EXCH[7:0],7,0,.seR .seR .seR .seR .seR .seR .seR .seR AWDCH[7:0] EXCH[7:0] .seR EIBAKC EIDCS EIDWA EIRVOR EIRVOJ EICOER EICOEJ
rm0433-stm32h742-stm32h743753-and-stm32h750-value-line-advanced-armbased-32bit-mcus-stmicroelectronics_dfsdm_regmap.pdf,6,EXCH[7:0],7,0,.seR .seR .seR .seR .seR .seR .seR .seR AWDCH[7:0] EXCH[7:0] .seR .seR .seR EIDWA EIRVOR EIRVOJ EICOER EICOEJ
rm0433-stm32h742-stm32h743753-and-stm32h750-value-line-advanced-armbased-32bit-mcus-stmicroelectronics_dfsdm_regmap.pdf,7,EXCH[7:0],7,0,.seR .seR .seR .seR .seR .seR .seR .seR AWDCH[7:0] EXCH[7:0] .seR .seR .seR EIDWA EIRVOR EIRVOJ EICOER EICOEJ
rm0433-stm32h742-stm32h743753-and-stm32h750-value-line-advanced-armbased-32bit-mcus-stmicroelectronics_dfsdm_regmap.pdf,9,EXCH[7:0],7,0,.seR .seR .seR .seR .seR .seR .seR .seR AWDCH[7:0] EXCH[7:0] .seR .seR .seR EIDWA EIRVOR EIRVOJ EICOER EICOEJ
rm0436-stm32mp157-advanced-armbased-32bit-mpus-stmicroelectronics_dfsdm_regmap.pdf,5,EXCH[7:0],7,0,.seR .seR .seR .seR .seR .seR .seR .seR AWDCH[7:0] EXCH[7:0] .seR EIBAKC EIDCS EIDWA EIRVOR EIRVOJ EICOER EICOEJ
rm0436-stm32mp157-advanced-armbased-32bit-mpus-stmicroelectronics_dfsdm_regmap.pdf,6,EXCH[7:0],7,0,.seR .seR .seR .seR .seR .seR .seR .seR AWDCH[7:0] EXCH[7:0] .seR .seR .seR EIDWA EIRVOR EIRVOJ EICOER EICOEJ
rm0436-stm32mp157-advanced-armbased-32bit-mpus-stmicroelectronics_dfsdm_regmap.pdf,7,EXCH[7:0],7,0,.seR .seR .seR .seR .seR .seR .seR .seR AWDCH[7:0] EXCH[7:0] .seR .seR .seR EIDWA EIRVOR EIRVOJ EICOER EICOEJ
rm0436-stm32mp157-advanced-armbased-32bit-mpus-stmicroelectronics_dfsdm_regmap.pdf,9,EXCH[7:0],7,0,.seR .seR .seR .seR .seR .seR .seR .seR AWDCH[7:0] EXCH[7:0] .seR .seR .seR EIDWA EIRVOR EIRVOJ EICOER EICOEJ
rm0436-stm32mp157-advanced-armbased-32bit-mpus-stmicroelectronics_dfsdm_regmap.pdf,10,EXCH[7:0],7,0,.seR .seR .seR .seR .seR .seR .seR .seR AWDCH[7:0] EXCH[7:0] .seR .seR .seR EIDWA EIRVOR EIRVOJ EICOER EICOEJ
rm0436-stm32mp157-advanced-armbased-32bit-mpus-stmicroelectronics_dfsdm_regmap.pdf,11,EXCH[7:0],7,0,.seR .seR .seR .seR .seR .seR .seR .seR AWDCH[7:0] EXCH[7:0] .seR .seR .seR EIDWA EIRVOR EIRVOJ EICOER EICOEJ
rm0438-stm32l5-series-advanced-armbased-32bit-mcus-stmicroelectronics_dfsdm_regmap.pdf,3,EXCH[3:0],3,0,.seR .seR .seR .seR .seR .seR .seR .seR .seR .seR .seR .seR AWDCH[3:0] .seR .seR .seR .seR EXCH[3:0] .seR EIBAKC EIDCS EIDWA EIRVOR EIRVOJ EICOER EICOEJ
rm0438-stm32l5-series-advanced-armbased-32bit-mcus-stmicroelectronics_dfsdm_regmap.pdf,4,EXCH[3:0],3,0,.seR .seR .seR .seR .seR .seR .seR .seR .seR .seR .seR .seR AWDCH[3:0] .seR .seR .seR .seR EXCH[3:0] .seR .seR .seR EIDWA EIRVOR EIRVOJ EICOER EICOEJ
rm0438-stm32l5-series-advanced-armbased-32bit-mcus-stmicroelectronics_dfsdm_regmap.pdf,6,EXCH[3:0],3,0,.seR .seR .seR .seR .seR .seR .seR .seR .seR .seR .seR .seR AWDCH[3:0] .seR .seR .seR .seR EXCH[3:0] .seR .seR .seR EIDWA EIRVOR EIRVOJ EICOER EICOEJ
rm0438-stm32l5-series-advanced-armbased-32bit-mcus-stmicroelectronics_dfsdm_regmap.pdf,7,EXCH[3:0],3,0,.seR .seR .seR .seR .seR .seR .seR .seR .seR .seR .seR .seR AWDCH[3:0] .seR .seR .seR .seR EXCH[3:0] .seR .seR .seR EIDWA EIRVOR EIRVOJ EICOER EICOEJ
rm0441-stm32mp151-advanced-armbased-32bit-mpus-stmicroelectronics_dfsdm_regmap.pdf,5,EXCH[7:0],7,0,.seR .seR .seR .seR .seR .seR .seR .seR AWDCH[7:0] EXCH[7:0] .seR EIBAKC EIDCS EIDWA EIRVOR EIRVOJ EICOER EICOEJ
rm0441-stm32mp151-advanced-armbased-32bit-mpus-stmicroelectronics_dfsdm_regmap.pdf,6,EXCH[7:0],7,0,.seR .seR .seR .seR .seR .seR .seR .seR AWDCH[7:0] EXCH[7:0] .seR .seR .seR EIDWA EIRVOR EIRVOJ EICOER EICOEJ
rm0441-stm32mp151-advanced-armbased-32bit-mpus-stmicroelectronics_dfsdm_regmap.pdf,7,EXCH[7:0],7,0,.seR .seR .seR .seR .seR .seR .seR .seR AWDCH[7:0] EXCH[7:0] .seR .seR .seR EIDWA EIRVOR EIRVOJ EICOER EICOEJ
rm0441-stm32mp151-advanced-armbased-32bit-mpus-stmicroelectronics_dfsdm_regmap.pdf,9,EXCH[7:0],7,0,.seR .seR .seR .seR .seR .seR .seR .seR AWDCH[7:0] EXCH[7:0] .seR .seR .seR EIDWA EIRVOR EIRVOJ EICOER EICOEJ
rm0441-stm32mp151-advanced-armbased-32bit-mpus-stmicroelectronics_dfsdm_regmap.pdf,10,EXCH[7:0],7,0,.seR .seR .seR .seR .seR .seR .seR .seR AWDCH[7:0] EXCH[7:0] .seR .seR .seR EIDWA EIRVOR EIRVOJ EICOER EICOEJ
rm0441-stm32mp151-advanced-armbased-32bit-mpus-stmicroelectronics_dfsdm_regmap.pdf,11,EXCH[7:0],7,0,.seR .seR .seR .seR .seR .seR .seR .seR AWDCH[7:0] EXCH[7:0] .seR .seR .seR EIDWA EIRVOR EIRVOJ EICOER EICOEJ
rm0442-stm32mp153-advanced-armbased-32bit-mpus-stmicroelectronics_dfsdm_regmap.pdf,5,EXCH[7:0],7,0,.seR .seR .seR .seR .seR .seR .seR .seR AWDCH[7:0] EXCH[7:0] .seR EIBAKC EIDCS EIDWA EIRVOR EIRVOJ EICOER EICOEJ
rm0442-stm32mp153-advanced-armbased-32bit-mpus-stmicroelectronics_dfsdm_regmap.pdf,6,EXCH[7:0],7,0,.seR .seR .seR .seR .seR .seR .seR .seR AWDCH[7:0] EXCH[7:0] .seR .seR .seR EIDWA EIRVOR EIRVOJ EICOER EICOEJ
rm0442-stm32mp153-advanced-armbased-32bit-mpus-stmicroelectronics_dfsdm_regmap.pdf,7,EXCH[7:0],7,0,.seR .seR .seR .seR .seR .seR .seR .seR AWDCH[7:0] EXCH[7:0] .seR .seR .seR EIDWA EIRVOR EIRVOJ EICOER EICOEJ
rm0442-stm32mp153-advanced-armbased-32bit-mpus-stmicroelectronics_dfsdm_regmap.pdf,9,EXCH[7:0],7,0,.seR .seR .seR .seR .seR .seR .seR .seR AWDCH[7:0] EXCH[7:0] .seR .seR .seR EIDWA EIRVOR EIRVOJ EICOER EICOEJ
rm0442-stm32mp153-advanced-armbased-32bit-mpus-stmicroelectronics_dfsdm_regmap.pdf,10,EXCH[7:0],7,0,.seR .seR .seR .seR .seR .seR .seR .seR AWDCH[7:0] EXCH[7:0] .seR .seR .seR EIDWA EIRVOR EIRVOJ EICOER EICOEJ
rm0442-stm32mp153-advanced-armbased-32bit-mpus-stmicroelectronics_dfsdm_regmap.pdf,11,EXCH[7:0],7,0,.seR .seR .seR .seR .seR .seR .seR .seR AWDCH[7:0] EXCH[7:0] .seR .seR .seR EIDWA EIRVOR EIRVOJ EICOER EICOEJ
rm0455-stm32h7a37b3-and-stm32h7b0-value-line-advanced-armbased-32bit-mcus-stmicroelectronics_dfsdm_regmap.pdf,5,EXCH[7:0],7,0,.seR .seR .seR .seR .seR .seR .seR .seR AWDCH[7:0] EXCH[7:0] .seR EIBAKC EIDCS EIDWA EIRVOR EIRVOJ EICOER EICOEJ
rm0455-stm32h7a37b3-and-stm32h7b0-value-line-advanced-armbased-32bit-mcus-stmicroelectronics_dfsdm_regmap.pdf,6,EXCH[7:0],7,0,.seR .seR .seR .seR .seR .seR .seR .seR AWDCH[7:0] EXCH[7:0] .seR .seR .seR EIDWA EIRVOR EIRVOJ EICOER EICOEJ
rm0455-stm32h7a37b3-and-stm32h7b0-value-line-advanced-armbased-32bit-mcus-stmicroelectronics_dfsdm_regmap.pdf,8,EXCH[7:0],7,0,.seR .seR .seR .seR .seR .seR .seR .seR AWDCH[7:0] EXCH[7:0] .seR .seR .seR EIDWA EIRVOR EIRVOJ EICOER EICOEJ
rm0455-stm32h7a37b3-and-stm32h7b0-value-line-advanced-armbased-32bit-mcus-stmicroelectronics_dfsdm_regmap.pdf,9,EXCH[7:0],7,0,.seR .seR .seR .seR .seR .seR .seR .seR AWDCH[7:0] EXCH[7:0] .seR .seR .seR EIDWA EIRVOR EIRVOJ EICOER EICOEJ
rm0455-stm32h7a37b3-and-stm32h7b0-value-line-advanced-armbased-32bit-mcus-stmicroelectronics_dfsdm_regmap.pdf,10,EXCH[7:0],7,0,.seR .seR .seR .seR .seR .seR .seR .seR AWDCH[7:0] EXCH[7:0] .seR .seR .seR EIDWA EIRVOR EIRVOJ EICOER EICOEJ
rm0455-stm32h7a37b3-and-stm32h7b0-value-line-advanced-armbased-32bit-mcus-stmicroelectronics_dfsdm_regmap.pdf,12,EXCH[7:0],7,0,.seR .seR .seR .seR .seR .seR .seR .seR AWDCH[7:0] EXCH[7:0] .seR .seR .seR EIDWA EIRVOR EIRVOJ EICOER EICOEJ
rm0455-stm32h7a37b3-and-stm32h7b0-value-line-advanced-armbased-32bit-mcus-stmicroelectronics_dfsdm_regmap.pdf,13,EXCH[7:0],7,0,.seR .seR .seR .seR .seR .seR .seR .seR AWDCH[7:0] EXCH[7:0] .seR .seR .seR EIDWA EIRVOR EIRVOJ EICOER EICOEJ
rm0455-stm32h7a37b3-and-stm32h7b0-value-line-advanced-armbased-32bit-mcus-stmicroelectronics_dfsdm_regmap.pdf,14,EXCH[7:0],7,0,.seR .seR .seR .seR .seR .seR .seR .seR AWDCH[7:0] EXCH[7:0] .seR .seR .seR EIDWA EIRVOR EIRVOJ EICOER EICOEJ
rm0468-stm32h723733-stm32h725735-and-stm32h730-value-line-advanced-armbased-32bit-mcus-stmicroelectronics_dfsdm_regmap.pdf,5,EXCH[7:0],7,0,.seR .seR .seR .seR .seR .seR .seR .seR AWDCH[7:0] EXCH[7:0] .seR EIBAKC EIDCS EIDWA EIRVOR EIRVOJ EICOER EICOEJ
rm0468-stm32h723733-stm32h725735-and-stm32h730-value-line-advanced-armbased-32bit-mcus-stmicroelectronics_dfsdm_regmap.pdf,6,EXCH[7:0],7,0,.seR .seR .seR .seR .seR .seR .seR .seR AWDCH[7:0] EXCH[7:0] .seR .seR .seR EIDWA EIRVOR EIRVOJ EICOER EICOEJ
rm0468-stm32h723733-stm32h725735-and-stm32h730-value-line-advanced-armbased-32bit-mcus-stmicroelectronics_dfsdm_regmap.pdf,8,EXCH[7:0],7,0,.seR .seR .seR .seR .seR .seR .seR .seR AWDCH[7:0] EXCH[7:0] .seR .seR .seR EIDWA EIRVOR EIRVOJ EICOER EICOEJ
rm0468-stm32h723733-stm32h725735-and-stm32h730-value-line-advanced-armbased-32bit-mcus-stmicroelectronics_dfsdm_regmap.pdf,9,EXCH[7:0],7,0,.seR .seR .seR .seR .seR .seR .seR .seR AWDCH[7:0] EXCH[7:0] .seR .seR .seR EIDWA EIRVOR EIRVOJ EICOER EICOEJ
rm0475-stm32mp13xx-advanced-armbased-32bit-mpus-stmicroelectronics_dfsdm_regmap.pdf,3,EXCH[3:0],3,0,.seR .seR .seR .seR .seR .seR .seR .seR .seR .seR .seR .seR AWDCH[3:0] .seR .seR .seR .seR EXCH[3:0] .seR EIBAKC EIDCS EIDWA EIRVOR EIRVOJ EICOER EICOEJ
rm0475-stm32mp13xx-advanced-armbased-32bit-mpus-stmicroelectronics_dfsdm_regmap.pdf,4,EXCH[3:0],3,0,.seR .seR .seR .seR .seR .seR .seR .seR .seR .seR .seR .seR AWDCH[3:0] .seR .seR .seR .seR EXCH[3:0] .seR .seR .seR EIDWA EIRVOR EIRVOJ EICOER EICOEJ
